,Dataset,Backprop,Model,Num_layers,Batchsize,LearningRate,TotalEpochs,Num_parameters,Optimizer,Best_train,Best_test,Best_test_at,Avg_time,Initialization,AvgGenError,ModelType,ID,Efficiency
0,CIFAR,backprop,kan,2layers,2048,0.0005,98,7890452,Adam,0.9967448,0.49523926,4,28.938738965988158,kaiming_normal,0.5011816412000001,kan_2layers,9000,0.006237261307794558
1,CIFAR,backprop,kan,2layers,2048,0.0005,98,7890452,Adam,0.9968872,0.5,3,22.18057918548584,kaiming_uniform,0.4992903646,kan_2layers,9000,0.007871525204547794
2,CIFAR,backprop,kan,2layers,2048,0.0005,98,7890452,Adam,0.9974162,0.4942627,8,22.01629267692566,orthogonal_,0.5032527708,kan_2layers,9000,0.003458312267304751
3,CIFAR,backprop,kan,2layers,2048,0.0005,98,7890452,SGDM,0.9526164,0.49194336,49,29.197826428413393,kaiming_normal,0.4598254382,kan_2layers,9000,0.0006195751291919887
4,CIFAR,backprop,kan,2layers,2048,0.0005,98,7890452,SGDM,0.9547526,0.5013428,7,22.14039079666138,kaiming_uniform,0.45304402940000005,kan_2layers,9000,0.003946332486318564
5,CIFAR,backprop,kan,2layers,2048,0.0005,98,7890452,SGDM,0.95306396,0.48876953,35,22.034238324165344,orthogonal_,0.46371542140000005,kan_2layers,9000,0.0008549692610244398
6,CIFAR,backprop,kan,2layers,2048,0.0005,98,7890452,SGD,0.9968669,0.48706055,5,29.219914588928223,kaiming_normal,0.5113964876,kan_2layers,9000,0.005111879193954548
7,CIFAR,backprop,kan,2layers,2048,0.0005,98,7890452,SGD,0.9972534,0.49169922,14,22.21177734375,kaiming_uniform,0.5069921904,kan_2layers,9000,0.002064225495086128
8,CIFAR,backprop,kan,2layers,2048,0.0005,98,7890452,SGD,0.99749756,0.48754883,2,22.079359431266784,orthogonal_,0.511431481,kan_2layers,9000,0.010234007743447434
9,CIFAR,backprop,kan,2layers,2048,0.005,98,7890452,Adam,0.8817342,0.53466797,9,29.375042572021485,kaiming_normal,0.23174601,kan_2layers,9000,0.003366921921535523
10,CIFAR,backprop,kan,2layers,2048,0.005,98,7890452,Adam,0.8912557,0.5311279,10,22.041014232635497,kaiming_uniform,0.23523356620000002,kan_2layers,9000,0.0030405721103189385
11,CIFAR,backprop,kan,2layers,2048,0.005,98,7890452,Adam,0.8852336,0.52612305,15,21.951354179382324,orthogonal_,0.23091756119999998,kan_2layers,9000,0.00207069542438428
12,CIFAR,backprop,kan,2layers,2048,0.005,98,7890452,SGDM,0.55668133,0.51416016,45,28.87401307106018,kaiming_normal,0.026477054599999997,kan_2layers,9000,0.0007038651580198829
13,CIFAR,backprop,kan,2layers,2048,0.005,98,7890452,SGDM,0.56559247,0.50634766,27,22.167432465553283,kaiming_uniform,0.030482985200000003,kan_2layers,9000,0.0011387795337010848
14,CIFAR,backprop,kan,2layers,2048,0.005,98,7890452,SGDM,0.5684001,0.51660156,33,21.859128365516664,orthogonal_,0.0366194668,kan_2layers,9000,0.0009568099294702846
15,CIFAR,backprop,kan,2layers,2048,0.005,98,7890452,SGD,0.9484253,0.49047852,49,28.912315764427184,kaiming_normal,0.45530151059999996,kan_2layers,9000,0.0006177302451950879
16,CIFAR,backprop,kan,2layers,2048,0.005,98,7890452,SGD,0.9487508,0.49987793,40,22.46642095565796,kaiming_uniform,0.44522012940000005,kan_2layers,9000,0.0007677661902814006
17,CIFAR,backprop,kan,2layers,2048,0.005,98,7890452,SGD,0.94785565,0.48583984,13,21.93478289604187,orthogonal_,0.45681193019999994,kan_2layers,9000,0.0021853145976762673
18,CIFAR,backprop,kan,2layers,4096,0.005,98,7890452,Adam,0.99886066,0.541626,7,29.133034286499022,orthogonal_,0.3929459656,kan_2layers,9000,0.0042634227104384045
19,CIFAR,backprop,kan,2layers,4096,0.005,98,7890452,SGDM,0.61932373,0.5126953,16,29.27714174747467,orthogonal_,0.0763545748,kan_2layers,9000,0.0018991501064485612
20,CIFAR,backprop,kan,2layers,4096,0.005,98,7890452,SGD,0.99890137,0.49401855,4,28.414521222114562,orthogonal_,0.5057031248,kan_2layers,9000,0.0062218871485426475
21,CIFAR,backprop,kan,3layers,2048,0.0005,98,17066516,Adam,0.9995117,0.52697754,38,23.213802490234375,kaiming_normal,0.4756555167999999,kan_3layers,9000,0.0008114438036206683
22,CIFAR,backprop,kan,3layers,2048,0.0005,98,17066516,Adam,0.99934894,0.5340576,35,28.875726714134217,orthogonal_,0.4682808432,kan_3layers,9000,0.0008908745418028681
23,CIFAR,backprop,kan,3layers,2048,0.0005,98,17066516,SGDM,0.99934894,0.5251465,2,22.9900546836853,kaiming_normal,0.4760135912,kan_3layers,9000,0.010512116615890417
24,CIFAR,backprop,kan,3layers,2048,0.0005,98,17066516,SGDM,0.99904376,0.5220947,45,22.67618579387665,orthogonal_,0.4784037286,kan_3layers,9000,0.0006815887323539393
25,CIFAR,backprop,kan,3layers,2048,0.0005,98,17066516,SGD,0.99957275,0.5288086,3,23.284576621055603,kaiming_normal,0.47364379660000006,kan_3layers,9000,0.007939067008947621
26,CIFAR,backprop,kan,3layers,2048,0.0005,98,17066516,SGD,0.9993083,0.5336914,33,34.36793653011322,orthogonal_,0.46718384059999996,kan_3layers,9000,0.000942632126076945
27,CIFAR,backprop,kan,3layers,2048,0.005,98,17066516,Adam,0.99890137,0.532959,9,31.066230268478392,kaiming_normal,0.3477876794,kan_3layers,9000,0.0032005509850041884
28,CIFAR,backprop,kan,3layers,2048,0.005,98,17066516,Adam,0.9991862,0.5308838,49,23.179692549705507,kaiming_uniform,0.3489318802,kan_3layers,9000,0.0006376177788583237
29,CIFAR,backprop,kan,3layers,2048,0.005,98,17066516,Adam,0.9966634,0.5325928,7,22.704012289047242,orthogonal_,0.3498893186,kan_3layers,9000,0.003997939828969346
30,CIFAR,backprop,kan,3layers,2048,0.005,98,17066516,SGDM,0.6432902,0.5201416,40,30.910514092445375,kaiming_normal,0.06056762680000001,kan_3layers,9000,0.0007618486143658672
31,CIFAR,backprop,kan,3layers,2048,0.005,98,17066516,SGDM,0.65250653,0.5352783,29,22.921726565361023,kaiming_uniform,0.058292236600000005,kan_3layers,9000,0.0010714929855869886
32,CIFAR,backprop,kan,3layers,2048,0.005,98,17066516,SGDM,0.6899414,0.5369873,49,22.692245883941652,orthogonal_,0.062211100800000016,kan_3layers,9000,0.0006449483851289649
33,CIFAR,backprop,kan,3layers,2048,0.005,98,17066516,SGD,0.9993693,0.5251465,42,23.6382337808609,kaiming_normal,0.47620767960000004,kan_3layers,9000,0.000733403484829564
34,CIFAR,backprop,kan,3layers,2048,0.005,98,17066516,SGD,0.9989624,0.52233887,45,22.531644740104674,orthogonal_,0.47912190360000007,kan_3layers,9000,0.0006819074935303674
35,CIFAR,backprop,kan,4layers,2048,0.0005,98,38040084,Adam,0.9999593,0.53601074,29,24.780883350372314,kaiming_normal,0.4673710066,kan_4layers,9000,0.001023668630850742
36,CIFAR,backprop,kan,4layers,2048,0.0005,98,38040084,Adam,0.99993896,0.5435791,26,33.83985014438629,orthogonal_,0.45974853360000006,kan_4layers,9000,0.0011534695763249455
37,CIFAR,backprop,kan,4layers,2048,0.0005,98,38040084,SGDM,0.9967448,0.5283203,36,24.416429867744444,kaiming_normal,0.4698986756,kan_4layers,9000,0.0008180931046143446
38,CIFAR,backprop,kan,4layers,2048,0.0005,98,38040084,SGDM,0.9962158,0.5377197,26,33.930461492538456,orthogonal_,0.45955159200000006,kan_4layers,9000,0.0011410359863736057
39,CIFAR,backprop,kan,4layers,2048,0.0005,98,38040084,SGD,0.9999797,0.53601074,13,24.158051233291626,kaiming_normal,0.466094963,kan_4layers,9000,0.0021935756375373043
40,CIFAR,backprop,kan,4layers,2048,0.0005,98,38040084,SGD,0.99991864,0.54089355,46,30.6074866771698,orthogonal_,0.46085082659999993,kan_4layers,9000,0.0006593577311185853
41,CIFAR,backprop,kan,4layers,2048,0.005,98,38040084,Adam,0.9849243,0.5274658,6,24.599361395835878,kaiming_normal,0.3547977712,kan_4layers,9000,0.004317212481653348
42,CIFAR,backprop,kan,4layers,2048,0.005,98,38040084,Adam,0.9850871,0.53466797,39,38.85949274539948,orthogonal_,0.3434643544,kan_4layers,9000,0.0007658281653222734
43,CIFAR,backprop,kan,4layers,2048,0.005,98,38040084,SGDM,0.7757365,0.5267334,22,24.789790673255922,kaiming_normal,0.12662353680000002,kan_4layers,9000,0.0013121098016448314
44,CIFAR,backprop,kan,4layers,2048,0.005,98,38040084,SGDM,0.7874349,0.5284424,16,37.75967983722687,orthogonal_,0.13599568760000003,kan_4layers,9000,0.0017809670844791611
45,CIFAR,backprop,kan,4layers,2048,0.005,98,38040084,SGD,0.9953613,0.52685547,45,24.508561000823974,kaiming_normal,0.46997924739999997,kan_4layers,9000,0.0006562069409659559
46,CIFAR,backprop,kan,4layers,2048,0.005,98,38040084,SGD,0.9952596,0.5377197,9,34.37310548782349,orthogonal_,0.4576261332,kan_4layers,9000,0.0030807971632087353
47,CIFAR,backprop,mlpWide,2layers,2048,0.0005,98,7897610,Adam,0.70751953,0.5612793,9,28.765490794181822,kaiming_normal,0.14312866279999997,mlpWide_2layers,9000,0.0035342972840630626
48,CIFAR,backprop,mlpWide,2layers,2048,0.0005,98,7897610,Adam,0.73030597,0.54992676,3,28.555651044845582,kaiming_uniform,0.17895629400000004,mlpWide_2layers,9000,0.008657029816980598
49,CIFAR,backprop,mlpWide,2layers,2048,0.0005,98,7897610,Adam,0.6168213,0.55236816,49,21.26130915641785,orthogonal_,0.0593322772,mlpWide_2layers,9000,0.000695637016255868
50,CIFAR,backprop,mlpWide,2layers,2048,0.0005,98,7897610,SGDM,0.6769206,0.5498047,45,28.661925711631774,kaiming_normal,0.1268904602,mlpWide_2layers,9000,0.0007526181156601059
51,CIFAR,backprop,mlpWide,2layers,2048,0.0005,98,7897610,SGDM,0.7026774,0.5415039,46,28.883353958129884,kaiming_uniform,0.15998535120000001,mlpWide_2layers,9000,0.0007254839052991356
52,CIFAR,backprop,mlpWide,2layers,2048,0.0005,98,7897610,SGDM,0.58288574,0.53125,27,26.998330483436586,orthogonal_,0.0495638022,mlpWide_2layers,9000,0.0011947167786153254
53,CIFAR,backprop,mlpWide,2layers,2048,0.0005,98,7897610,SGD,0.71067303,0.55566406,46,29.033534383773805,kaiming_normal,0.1539998356,mlpWide_2layers,9000,0.0007444550857033037
54,CIFAR,backprop,mlpWide,2layers,2048,0.0005,98,7897610,SGD,0.73579913,0.5428467,3,28.85069739341736,kaiming_uniform,0.19105550019999998,mlpWide_2layers,9000,0.00854557444694912
55,CIFAR,backprop,mlpWide,2layers,2048,0.0005,98,7897610,SGD,0.622111,0.553833,43,21.530993580818176,orthogonal_,0.06803019040000001,mlpWide_2layers,9000,0.0007925929486299092
56,CIFAR,backprop,mlpWide,2layers,2048,0.005,98,7897610,Adam,0.6362915,0.5394287,16,32.400862975120546,kaiming_normal,0.09958048039999999,mlpWide_2layers,9000,0.001998063006249
57,CIFAR,backprop,mlpWide,2layers,2048,0.005,98,7897610,Adam,0.6652832,0.5311279,5,28.58579351425171,kaiming_uniform,0.1269002238,mlpWide_2layers,9000,0.005574063555821252
58,CIFAR,backprop,mlpWide,2layers,2048,0.005,98,7897610,Adam,0.54762775,0.5136719,47,29.01358527183533,orthogonal_,0.020615635799999997,mlpWide_2layers,9000,0.0006738583628913717
59,CIFAR,backprop,mlpWide,2layers,2048,0.005,98,7897610,SGDM,0.69403076,0.56103516,10,33.36507672309875,kaiming_normal,0.13264891860000003,mlpWide_2layers,9000,0.003211599971467593
60,CIFAR,backprop,mlpWide,2layers,2048,0.005,98,7897610,SGDM,0.733785,0.5510254,32,28.58594684123993,kaiming_uniform,0.18227742919999998,mlpWide_2layers,9000,0.0010514333058424354
61,CIFAR,backprop,mlpWide,2layers,2048,0.005,98,7897610,SGDM,0.6489461,0.54089355,48,28.824592308998106,orthogonal_,0.05890664960000001,mlpWide_2layers,9000,0.0006950879727110534
62,CIFAR,backprop,mlpWide,2layers,2048,0.005,98,7897610,SGD,0.670695,0.54504395,46,28.905915141105652,kaiming_normal,0.122616778,mlpWide_2layers,9000,0.0007302267137977526
63,CIFAR,backprop,mlpWide,2layers,2048,0.005,98,7897610,SGD,0.6968994,0.5383301,47,28.84723750591278,kaiming_uniform,0.1538887504,mlpWide_2layers,9000,0.0007062061208353981
64,CIFAR,backprop,mlpWide,2layers,2048,0.005,98,7897610,SGD,0.5789998,0.52856445,49,28.728733615875242,orthogonal_,0.04867512499999999,mlpWide_2layers,9000,0.0006656592894436998
65,CIFAR,backprop,mlpWide,3layers,2048,0.0005,98,7897610,Adam,0.7173665,0.5579834,28,28.968630862236022,kaiming_normal,0.1577848294,mlpWide_3layers,9000,0.001211566711219612
66,CIFAR,backprop,mlpWide,3layers,2048,0.0005,98,7897610,Adam,0.73042804,0.5465088,2,21.681992774009704,kaiming_uniform,0.1835253894,mlpWide_3layers,9000,0.011470965035034331
67,CIFAR,backprop,mlpWide,3layers,2048,0.0005,98,7897610,Adam,0.65708417,0.5592041,23,21.292607140541076,orthogonal_,0.09251342840000001,mlpWide_3layers,9000,0.0014671791832418437
68,CIFAR,backprop,mlpWide,3layers,2048,0.0005,98,7897610,SGDM,0.68619794,0.5496826,40,28.662523956298827,kaiming_normal,0.1333931458,mlpWide_3layers,9000,0.000844213289123494
69,CIFAR,backprop,mlpWide,3layers,2048,0.0005,98,7897610,SGDM,0.70965576,0.5435791,48,25.02517478466034,kaiming_uniform,0.16279296839999996,mlpWide_3layers,9000,0.0006985391018752193
70,CIFAR,backprop,mlpWide,3layers,2048,0.0005,98,7897610,SGDM,0.63171387,0.5546875,11,21.450571875572205,orthogonal_,0.07572590839999999,mlpWide_3layers,9000,0.002910658034175573
71,CIFAR,backprop,mlpWide,3layers,2048,0.0005,98,7897610,SGD,0.72288007,0.5515137,2,28.969179039001464,kaiming_normal,0.1703588884,mlpWide_3layers,9000,0.011576015553715535
72,CIFAR,backprop,mlpWide,3layers,2048,0.0005,98,7897610,SGD,0.7363078,0.5406494,11,21.647601428031923,kaiming_uniform,0.19380818560000002,mlpWide_3layers,9000,0.0028369947398890418
73,CIFAR,backprop,mlpWide,3layers,2048,0.0005,98,7897610,SGD,0.66086835,0.5583496,38,21.276022381782532,orthogonal_,0.1021215842,mlpWide_3layers,9000,0.0009014998391644457
74,CIFAR,backprop,mlpWide,3layers,2048,0.005,98,7897610,Adam,0.6470744,0.5377197,33,28.83994550704956,kaiming_normal,0.108935543,mlpWide_3layers,9000,0.0009958664048662135
75,CIFAR,backprop,mlpWide,3layers,2048,0.005,98,7897610,Adam,0.6630656,0.529541,11,29.52111550807953,kaiming_uniform,0.1318534346,mlpWide_3layers,9000,0.0027787047050372815
76,CIFAR,backprop,mlpWide,3layers,2048,0.005,98,7897610,Adam,0.5987549,0.5321045,42,21.26591588020325,orthogonal_,0.058800860999999996,mlpWide_3layers,9000,0.0007792064295725578
77,CIFAR,backprop,mlpWide,3layers,2048,0.005,98,7897610,SGDM,0.7154744,0.5563965,31,28.631426067352294,kaiming_normal,0.15726603320000002,mlpWide_3layers,9000,0.0010948596797152692
78,CIFAR,backprop,mlpWide,3layers,2048,0.005,98,7897610,SGDM,0.7388509,0.5437012,7,28.555437984466554,kaiming_uniform,0.19503539439999998,mlpWide_3layers,9000,0.004279513057273419
79,CIFAR,backprop,mlpWide,3layers,2048,0.005,98,7897610,SGDM,0.6260173,0.55529785,39,21.39542932987213,orthogonal_,0.07026448540000002,mlpWide_3layers,9000,0.0008741582324081155
80,CIFAR,backprop,mlpWide,3layers,2048,0.005,98,7897610,SGD,0.6797078,0.54907227,37,28.71913743019104,kaiming_normal,0.12563638700000002,mlpWide_3layers,9000,0.0009098503480846722
81,CIFAR,backprop,mlpWide,3layers,2048,0.005,98,7897610,SGD,0.70125324,0.5437012,34,29.633388199806213,kaiming_uniform,0.152504072,mlpWide_3layers,9000,0.0009781744130910673
82,CIFAR,backprop,mlpWide,3layers,2048,0.005,98,7897610,SGD,0.62579346,0.5533447,49,21.26301297187805,orthogonal_,0.07223754739999998,mlpWide_3layers,9000,0.0006968668434273953
83,CIFAR,backprop,mlpWide,4layers,2048,0.0005,98,7897610,Adam,0.72676593,0.5550537,8,29.077574887275695,kaiming_normal,0.16928629399999998,mlpWide_4layers,9000,0.003883439501350167
84,CIFAR,backprop,mlpWide,4layers,2048,0.0005,98,7897610,Adam,0.72939044,0.54870605,11,21.639592547416687,kaiming_uniform,0.17862549200000002,mlpWide_4layers,9000,0.0028792710721500725
85,CIFAR,backprop,mlpWide,4layers,2048,0.0005,98,7897610,Adam,0.68796796,0.56066895,2,33.94277466773987,orthogonal_,0.1230855344,mlpWide_4layers,9000,0.011768179984804292
86,CIFAR,backprop,mlpWide,4layers,2048,0.0005,98,7897610,SGDM,0.6972249,0.54992676,33,28.89915261268616,kaiming_normal,0.14481119660000003,mlpWide_4layers,9000,0.0010184740961153645
87,CIFAR,backprop,mlpWide,4layers,2048,0.0005,98,7897610,SGDM,0.70359296,0.5427246,46,21.684367871284486,kaiming_uniform,0.1602193162,mlpWide_4layers,9000,0.0007271193472658484
88,CIFAR,backprop,mlpWide,4layers,2048,0.0005,98,7897610,SGDM,0.660258,0.55859375,42,33.336214900016785,orthogonal_,0.10159829760000001,mlpWide_4layers,9000,0.0008179969188741046
89,CIFAR,backprop,mlpWide,4layers,2048,0.0005,98,7897610,SGD,0.7304077,0.55200195,8,28.861539630889894,kaiming_normal,0.17718138919999998,mlpWide_4layers,9000,0.0038620878978958603
90,CIFAR,backprop,mlpWide,4layers,2048,0.0005,98,7897610,SGD,0.7333171,0.54016113,5,21.819009213447572,kaiming_uniform,0.192453206,mlpWide_4layers,9000,0.00566886519989672
91,CIFAR,backprop,mlpWide,4layers,2048,0.0005,98,7897610,SGD,0.6921794,0.56140137,39,33.8080807352066,orthogonal_,0.1307983414,mlpWide_4layers,9000,0.0008837664854468543
92,CIFAR,backprop,mlpWide,4layers,2048,0.005,98,7897610,Adam,0.6580607,0.5324707,22,28.67386920452118,kaiming_normal,0.1215987072,mlpWide_4layers,9000,0.0014577798075506355
93,CIFAR,backprop,mlpWide,4layers,2048,0.005,98,7897610,Adam,0.66245526,0.526001,45,21.758981533050537,kaiming_uniform,0.131146243,mlpWide_4layers,9000,0.0007200336436835323
94,CIFAR,backprop,mlpWide,4layers,2048,0.005,98,7897610,Adam,0.6229655,0.53637695,48,26.44081254482269,orthogonal_,0.08271361940000001,mlpWide_4layers,9000,0.0006892838096968213
95,CIFAR,backprop,mlpWide,4layers,2048,0.005,98,7897610,SGDM,0.7274577,0.5513916,2,28.70013153553009,kaiming_normal,0.17424722860000003,mlpWide_4layers,9000,0.011573452731615
96,CIFAR,backprop,mlpWide,4layers,2048,0.005,98,7897610,SGDM,0.739624,0.5404053,13,21.61289568901062,kaiming_uniform,0.19922850999999994,mlpWide_4layers,9000,0.002430611874494677
97,CIFAR,backprop,mlpWide,4layers,2048,0.005,98,7897610,SGDM,0.6645508,0.5583496,35,21.723482575416565,orthogonal_,0.104306231,mlpWide_4layers,9000,0.0009766248257614826
98,CIFAR,backprop,mlpWide,4layers,2048,0.005,98,7897610,SGD,0.6889038,0.5476074,44,28.772810373306275,kaiming_normal,0.1380041524,mlpWide_4layers,9000,0.000766268275805264
99,CIFAR,backprop,mlpWide,4layers,2048,0.005,98,7897610,SGD,0.6990153,0.54089355,24,21.664916882514955,kaiming_uniform,0.15426757119999998,mlpWide_4layers,9000,0.0013623724265136648
100,CIFAR,backprop,mlpWide,4layers,2048,0.005,98,7897610,SGD,0.6542155,0.55285645,48,28.873681025505064,orthogonal_,0.10008178859999997,mlpWide_4layers,9000,0.0007104611786010943
104,CIFAR,backprop,mlp,2layers,4096,0.0005,98,789770,Adam,0.7531128,0.50109863,0,27.63565559864044,orthogonal_,0.236939697,mlp_2layers,9000,0.03693228605197107
105,CIFAR,backprop,mlp,2layers,4096,0.0005,98,789770,SGDM,0.7148234,0.5057373,8,27.830946888923645,orthogonal_,0.20898518700000002,mlp_2layers,9000,0.00414157424695935
106,CIFAR,backprop,mlp,2layers,4096,0.0005,98,789770,SGD,0.7659505,0.49084473,6,27.85978771686554,orthogonal_,0.27551554139999995,mlp_2layers,9000,0.00516807809599779
107,CIFAR,backprop,mlp,2layers,4096,0.005,98,789770,Adam,0.63771564,0.48168945,32,28.240168313980103,orthogonal_,0.0836983278,mlp_2layers,9000,0.0010758114688928675
108,CIFAR,backprop,mlp,2layers,4096,0.005,98,789770,SGDM,0.70170087,0.5332031,33,28.6507386636734,orthogonal_,0.07765584279999999,mlp_2layers,9000,0.0011558373491202564
109,CIFAR,backprop,mlp,2layers,4096,0.005,98,789770,SGD,0.71307373,0.50842285,16,27.850662260055543,orthogonal_,0.20147257539999994,mlp_2layers,9000,0.0022042411950574394
116,CIFAR,backprop,mlp,3layers,4096,0.0005,98,1708810,Adam,0.99198407,0.5085449,1,27.578565545082093,orthogonal_,0.4884358670000001,mlp_3layers,9000,0.017724240927329455
117,CIFAR,backprop,mlp,3layers,4096,0.0005,98,1708810,SGDM,0.983785,0.5091553,43,27.63751181125641,orthogonal_,0.475233968,mlp_3layers,9000,0.0008066143231427823
118,CIFAR,backprop,mlp,3layers,4096,0.005,98,1708810,Adam,0.7802531,0.4906006,16,27.735328636169434,orthogonal_,0.154312745,mlp_3layers,9000,0.002011627160850587
119,CIFAR,backprop,mlp,3layers,4096,0.005,98,1708810,SGDM,0.8091634,0.51831055,21,27.9310098028183,orthogonal_,0.18100382099999998,mlp_3layers,9000,0.0016422365178797639
120,CIFAR,backprop,mlp,3layers,4096,0.005,98,1708810,SGD,0.9819336,0.51123047,12,27.742012581825257,orthogonal_,0.4684008845999999,mlp_3layers,9000,0.0027412062623475403
121,Fashion,backprop,kan,2layers,4096,0.0005,98,254164,Adam,0.39770508,0.3843994,25,8.391267881393432,kaiming_normal,0.012972587599999997,kan_2layers,0,0.0011879240258298976
122,Fashion,backprop,kan,2layers,4096,0.0005,98,254164,Adam,0.89791435,0.7717285,6,8.537093567848206,kaiming_uniform,0.1270546238,kan_2layers,0,0.00885820673971595
123,Fashion,backprop,kan,2layers,4096,0.0005,98,254164,Adam,0.88830566,0.7657471,8,8.43699345588684,orthogonal_,0.11975551040000003,kan_2layers,0,0.006836316550727879
124,Fashion,backprop,kan,2layers,4096,0.0005,98,254164,SGDM,0.39746094,0.3831787,15,8.36262315750122,kaiming_normal,0.013590963000000001,kan_2layers,0,0.0019242464318725086
125,Fashion,backprop,kan,2layers,4096,0.0005,98,254164,SGDM,0.8927874,0.772583,13,8.38938334941864,kaiming_uniform,0.12014160499999998,kan_2layers,0,0.004434007515330824
126,Fashion,backprop,kan,2layers,4096,0.0005,98,254164,SGDM,0.87714493,0.7636719,43,8.436828608512878,orthogonal_,0.11358782080000002,kan_2layers,0,0.0013945479354162235
127,Fashion,backprop,kan,2layers,4096,0.0005,98,254164,SGD,0.39761788,0.38391113,0,8.35516722202301,kaiming_normal,0.012675434200000012,kan_2layers,0,0.030846792770418307
128,Fashion,backprop,kan,2layers,4096,0.0005,98,254164,SGD,0.8983154,0.7677002,16,8.438538932800293,kaiming_uniform,0.1302975048,kan_2layers,0,0.003628457539303691
129,Fashion,backprop,kan,2layers,4096,0.0005,98,254164,SGD,0.8892822,0.76208496,0,8.423763890266418,orthogonal_,0.12724365319999997,kan_2layers,0,0.06123260045774793
130,Fashion,backprop,kan,2layers,4096,0.005,98,254164,Adam,0.39732143,0.38916016,10,8.352492547035217,kaiming_normal,0.007716589999999996,kan_2layers,0,0.0028425950865770874
131,Fashion,backprop,kan,2layers,4096,0.005,98,254164,Adam,0.88568985,0.78515625,19,8.37515697002411,kaiming_uniform,0.0703390074,kan_2layers,0,0.0031543175286620046
132,Fashion,backprop,kan,2layers,4096,0.005,98,254164,Adam,0.8743199,0.76989746,33,8.570708065032958,orthogonal_,0.0631113978,kan_2layers,0,0.0018194213335021678
133,Fashion,backprop,kan,2layers,4096,0.005,98,254164,SGDM,0.45856586,0.46118164,49,8.793611559867859,kaiming_normal,-0.0028571417999999956,kan_2layers,0,0.0007411076870108797
134,Fashion,backprop,kan,2layers,4096,0.005,98,254164,SGDM,0.7391532,0.72753906,48,8.38540641784668,kaiming_uniform,0.011092008800000004,kan_2layers,0,0.0011929975382161337
135,Fashion,backprop,kan,2layers,4096,0.005,98,254164,SGDM,0.7046247,0.6879883,49,8.402416191101075,orthogonal_,0.011481235999999997,kan_2layers,0,0.0011055804773658102
136,Fashion,backprop,kan,2layers,4096,0.005,98,254164,SGD,0.3974435,0.38293457,34,8.640226111412048,kaiming_normal,0.014049943400000008,kan_2layers,0,0.0008790950674607013
137,Fashion,backprop,kan,2layers,4096,0.005,98,254164,SGD,0.8925084,0.7722168,37,8.365771698951722,kaiming_uniform,0.11995430739999997,kan_2layers,0,0.0016328074076219536
138,Fashion,backprop,kan,2layers,4096,0.005,98,254164,SGD,0.8767962,0.76330566,38,8.53151611328125,orthogonal_,0.1131762718,kan_2layers,0,0.0015725815953683366
139,Fashion,backprop,kan,3layers,4096,0.0005,98,525652,Adam,0.89962333,0.78234863,46,8.426626334190368,kaiming_normal,0.11779471740000001,kan_3layers,0,0.0012636816264288535
140,Fashion,backprop,kan,3layers,4096,0.0005,98,525652,Adam,0.79268974,0.7052002,14,8.37967827320099,kaiming_uniform,0.08784493439999999,kan_3layers,0,0.0035690807202423966
141,Fashion,backprop,kan,3layers,4096,0.0005,98,525652,Adam,0.49818638,0.47509766,23,8.528905835151672,orthogonal_,0.023029084999999994,kan_3layers,0,0.0015028196058175013
142,Fashion,backprop,kan,3layers,4096,0.0005,98,525652,SGDM,0.8996582,0.7805176,12,8.36955934047699,kaiming_normal,0.11877372339999998,kan_3layers,0,0.004558002412707985
143,Fashion,backprop,kan,3layers,4096,0.0005,98,525652,SGDM,0.7910505,0.7038574,47,8.383934931755066,kaiming_uniform,0.08731062079999997,kan_3layers,0,0.0011132139657557263
144,Fashion,backprop,kan,3layers,4096,0.0005,98,525652,SGDM,0.49785504,0.47521973,25,8.379488883018494,orthogonal_,0.021712467200000005,kan_3layers,0,0.0013875745248450755
145,Fashion,backprop,kan,3layers,4096,0.0005,98,525652,SGD,0.8993792,0.7808838,0,8.360332098007202,kaiming_normal,0.11803849259999998,kan_3layers,0,0.05928183192509629
146,Fashion,backprop,kan,3layers,4096,0.0005,98,525652,SGD,0.79270715,0.7036133,27,8.373583478927612,kaiming_uniform,0.08821672180000002,kan_3layers,0,0.0019077049707222926
147,Fashion,backprop,kan,3layers,4096,0.0005,98,525652,SGD,0.49804688,0.47399902,40,8.37387668132782,orthogonal_,0.02314383779999999,kan_3layers,0,0.0008776650200802293
148,Fashion,backprop,kan,3layers,4096,0.005,98,525652,Adam,0.8993966,0.7895508,12,8.411475405693054,kaiming_normal,0.0764048552,kan_3layers,0,0.004610753750274843
149,Fashion,backprop,kan,3layers,4096,0.005,98,525652,Adam,0.7894287,0.7036133,42,8.35448387145996,kaiming_uniform,0.05608154239999999,kan_3layers,0,0.0012422264925633533
150,Fashion,backprop,kan,3layers,4096,0.005,98,525652,Adam,0.4975586,0.48034668,13,8.433312573432922,orthogonal_,0.0166521354,kan_3layers,0,0.002604725490851155
151,Fashion,backprop,kan,3layers,4096,0.005,98,525652,SGDM,0.7266671,0.7171631,48,8.37569305419922,kaiming_normal,0.0076074256000000125,kan_3layers,0,0.001111110005362815
152,Fashion,backprop,kan,3layers,4096,0.005,98,525652,SGDM,0.60857284,0.59851074,49,8.392173357009888,kaiming_uniform,0.00465052932,kan_3layers,0,0.000908734771909598
153,Fashion,backprop,kan,3layers,4096,0.005,98,525652,SGDM,0.54185265,0.53723145,49,8.38757483959198,orthogonal_,0.002969446600000005,kan_3layers,0,0.0008156927963872671
154,Fashion,backprop,kan,3layers,4096,0.005,98,525652,SGD,0.8994664,0.7803955,48,8.36153558731079,kaiming_normal,0.1193551136,kan_3layers,0,0.0012090767751298367
155,Fashion,backprop,kan,3layers,4096,0.005,98,525652,SGD,0.79106796,0.7038574,2,8.419804682731629,kaiming_uniform,0.0872318014,kan_3layers,0,0.01781142345209162
156,Fashion,backprop,kan,3layers,4096,0.005,98,525652,SGD,0.4978725,0.47509766,42,8.409883332252502,orthogonal_,0.022528949800000003,kan_3layers,0,0.0008387830358051171
157,Fashion,backprop,kan,4layers,4096,0.0005,98,1109588,Adam,1.0,0.8861084,3,8.362055616378784,kaiming_normal,0.11536619979999997,kan_4layers,0,0.01591487454784563
158,Fashion,backprop,kan,4layers,4096,0.0005,98,1109588,Adam,0.7958287,0.7269287,14,8.397287726402283,kaiming_uniform,0.07071986159999998,kan_4layers,0,0.0034815842894551836
159,Fashion,backprop,kan,4layers,4096,0.0005,98,1109588,Adam,0.9998256,0.8840332,1,8.460117440223694,orthogonal_,0.11730223860000003,kan_4layers,0,0.03175520618951479
160,Fashion,backprop,kan,4layers,4096,0.0005,98,1109588,SGDM,0.99998254,0.88586426,49,8.656995353698731,kaiming_normal,0.11433386039999995,kan_4layers,0,0.0012728391753713294
161,Fashion,backprop,kan,4layers,4096,0.0005,98,1109588,SGDM,0.7950963,0.723999,6,8.410957579612733,kaiming_uniform,0.07072195100000002,kan_4layers,0,0.007430469975886011
162,Fashion,backprop,kan,4layers,4096,0.0005,98,1109588,SGDM,0.9998082,0.8826904,21,8.454596343040466,orthogonal_,0.1175205824,kan_4layers,0,0.002882451972649617
163,Fashion,backprop,kan,4layers,4096,0.0005,98,1109588,SGD,1.0,0.8840332,38,8.407778353691102,kaiming_normal,0.1160431608,kan_4layers,0,0.0016284721122828097
164,Fashion,backprop,kan,4layers,4096,0.0005,98,1109588,SGD,0.7956543,0.7252197,41,8.382828965187073,kaiming_uniform,0.07005337439999995,kan_4layers,0,0.0012404996891733876
165,Fashion,backprop,kan,4layers,4096,0.0005,98,1109588,SGD,0.99984306,0.8828125,43,8.580166578292847,orthogonal_,0.11713588560000002,kan_4layers,0,0.0014414253469306679
166,Fashion,backprop,kan,4layers,4096,0.005,98,1109588,Adam,0.99996513,0.88635254,43,8.449176664352416,kaiming_normal,0.08351109979999999,kan_4layers,0,0.0014472054003226945
167,Fashion,backprop,kan,4layers,4096,0.005,98,1109588,Adam,0.7943987,0.7344971,9,9.436132612228393,kaiming_uniform,0.05137451519999999,kan_4layers,0,0.005276749075962456
168,Fashion,backprop,kan,4layers,4096,0.005,98,1109588,Adam,0.99872696,0.8847656,12,8.430943331718446,orthogonal_,0.0845643812,kan_4layers,0,0.004889463785434193
169,Fashion,backprop,kan,4layers,4096,0.005,98,1109588,SGDM,0.76208496,0.7512207,49,8.599601430892944,kaiming_normal,0.007110424500000003,kan_4layers,0,0.001079378838818797
170,Fashion,backprop,kan,4layers,4096,0.005,98,1109588,SGDM,0.6750837,0.6665039,49,9.243324022293091,kaiming_uniform,0.006833496200000001,kan_4layers,0,0.0009576549283721809
171,Fashion,backprop,kan,4layers,4096,0.005,98,1109588,SGDM,0.7271554,0.71069336,49,8.698067278862,orthogonal_,0.008428079,kan_4layers,0,0.001021147811386227
172,Fashion,backprop,kan,4layers,4096,0.005,98,1109588,SGD,0.99998254,0.88549805,46,8.395730776786804,kaiming_normal,0.11472935599999995,kan_4layers,0,0.0013535244603051578
173,Fashion,backprop,kan,4layers,4096,0.005,98,1109588,SGD,0.79504395,0.72509766,7,8.541640315055847,kaiming_uniform,0.06976562359999999,kan_4layers,0,0.006511527423640507
174,Fashion,backprop,kan,4layers,4096,0.005,98,1109588,SGD,0.9997907,0.8820801,34,8.510240144729615,orthogonal_,0.11851109100000003,kan_4layers,0,0.001810574240952413
175,Fashion,backprop,mlpWide,2layers,4096,0.0005,98,255050,Adam,0.9997384,0.89868164,45,8.399753489494323,kaiming_normal,0.10346749579999999,mlpWide_2layers,0,0.0015692998652094036
176,Fashion,backprop,mlpWide,2layers,4096,0.0005,98,255050,Adam,0.9999128,0.89819336,14,8.379549417495728,kaiming_uniform,0.10396867620000001,mlpWide_2layers,0,0.004809904804099418
177,Fashion,backprop,mlpWide,2layers,4096,0.0005,98,255050,Adam,0.9930943,0.89868164,11,9.80864315032959,orthogonal_,0.09276646239999999,mlpWide_2layers,0,0.006015649483302714
178,Fashion,backprop,mlpWide,2layers,4096,0.0005,98,255050,SGDM,0.9984828,0.89538574,34,9.948728523254395,kaiming_normal,0.1035682894,mlpWide_2layers,0,0.002054944178969013
179,Fashion,backprop,mlpWide,2layers,4096,0.0005,98,255050,SGDM,0.9994245,0.89575195,27,8.455108065605163,kaiming_uniform,0.1044060424,mlpWide_2layers,0,0.002569730805982909
180,Fashion,backprop,mlpWide,2layers,4096,0.0005,98,255050,SGDM,0.9814628,0.8977051,47,9.626260585784912,orthogonal_,0.08380371679999998,mlpWide_2layers,0,0.0015022781652057596
181,Fashion,backprop,mlpWide,2layers,4096,0.0005,98,255050,SGD,0.9997733,0.8959961,47,8.422039513587952,kaiming_normal,0.10437708180000003,mlpWide_2layers,0,0.00149941821333032
182,Fashion,backprop,mlpWide,2layers,4096,0.0005,98,255050,SGD,0.99994767,0.89501953,40,8.461844754219054,kaiming_uniform,0.1054565378,mlpWide_2layers,0,0.0017535031697636459
183,Fashion,backprop,mlpWide,2layers,4096,0.0005,98,255050,SGD,0.99468124,0.8977051,35,10.20588508605957,orthogonal_,0.0970804288,mlpWide_2layers,0,0.0020030375536076797
184,Fashion,backprop,mlpWide,2layers,4096,0.005,98,255050,Adam,0.99269325,0.8942871,10,9.640295009613038,kaiming_normal,0.09749581140000002,mlpWide_2layers,0,0.006530436049984933
185,Fashion,backprop,mlpWide,2layers,4096,0.005,98,255050,Adam,0.9964251,0.8959961,21,8.40600155353546,kaiming_uniform,0.10198312,mlpWide_2layers,0,0.0032714579199934254
186,Fashion,backprop,mlpWide,2layers,4096,0.005,98,255050,Adam,0.96353585,0.8922119,36,10.10108504295349,orthogonal_,0.0546913372,mlpWide_2layers,0,0.0019369757664721738
187,Fashion,backprop,mlpWide,2layers,4096,0.005,98,255050,SGDM,0.99965125,0.8968506,9,9.644950318336488,kaiming_normal,0.10367989000000001,mlpWide_2layers,0,0.0072040713084865916
188,Fashion,backprop,mlpWide,2layers,4096,0.005,98,255050,SGDM,0.99994767,0.897583,26,8.509961128234863,kaiming_uniform,0.10317523359999996,mlpWide_2layers,0,0.002670353484650051
189,Fashion,backprop,mlpWide,2layers,4096,0.005,98,255050,SGDM,0.91571915,0.88098145,49,9.584078636169433,orthogonal_,0.023838238799999995,mlpWide_2layers,0,0.0014153200515791403
190,Fashion,backprop,mlpWide,2layers,4096,0.005,98,255050,SGD,0.9981166,0.8951416,14,10.16061397075653,kaiming_normal,0.10264439419999999,mlpWide_2layers,0,0.004793562359656321
191,Fashion,backprop,mlpWide,2layers,4096,0.005,98,255050,SGD,0.9991455,0.8951416,47,8.6921444272995,kaiming_uniform,0.10453473879999997,mlpWide_2layers,0,0.0014979882373926002
192,Fashion,backprop,mlpWide,2layers,4096,0.005,98,255050,SGD,0.980399,0.89733887,42,9.828973255157472,orthogonal_,0.08222377460000001,mlpWide_2layers,0,0.001676277535342883
193,Fashion,backprop,mlpWide,3layers,4096,0.0005,98,255050,Adam,0.99986047,0.8977051,35,8.439711694717408,kaiming_normal,0.10389857300000002,mlpWide_3layers,0,0.0020030375536076797
194,Fashion,backprop,mlpWide,3layers,4096,0.0005,98,255050,Adam,0.99993026,0.8983154,28,8.415806927680968,kaiming_uniform,0.10371128480000001,mlpWide_3layers,0,0.0024882198305598907
195,Fashion,backprop,mlpWide,3layers,4096,0.0005,98,255050,Adam,0.99836075,0.89941406,1,9.94842260837555,orthogonal_,0.10060023300000001,mlpWide_3layers,0,0.03612331320342227
196,Fashion,backprop,mlpWide,3layers,4096,0.0005,98,255050,SGDM,0.9993548,0.8937988,28,8.397917103767394,kaiming_normal,0.10606723959999996,mlpWide_3layers,0,0.0024757094208678085
197,Fashion,backprop,mlpWide,3layers,4096,0.0005,98,255050,SGDM,0.9994594,0.8947754,6,8.677311072349548,kaiming_uniform,0.1050666274,mlpWide_3layers,0,0.010267717127786012
198,Fashion,backprop,mlpWide,3layers,4096,0.0005,98,255050,SGDM,0.99461144,0.8970947,49,9.865367002487183,orthogonal_,0.09802350340000002,mlpWide_3layers,0,0.001441206414817671
199,Fashion,backprop,mlpWide,3layers,4096,0.0005,98,255050,SGD,0.99986047,0.895874,0,8.425664682388305,kaiming_normal,0.10453961060000001,mlpWide_3layers,0,0.07196226639553027
200,Fashion,backprop,mlpWide,3layers,4096,0.0005,98,255050,SGD,0.99994767,0.89733887,38,8.425981631278992,kaiming_uniform,0.10330601499999997,mlpWide_3layers,0,0.0018482034364036915
201,Fashion,backprop,mlpWide,3layers,4096,0.0005,98,255050,SGD,0.99870956,0.8977051,41,9.944123163223267,orthogonal_,0.10218365820000001,mlpWide_3layers,0,0.0017168893316637254
202,Fashion,backprop,mlpWide,3layers,4096,0.005,98,255050,Adam,0.99375695,0.8939209,29,8.468908905982971,kaiming_normal,0.0998468944,mlpWide_3layers,0,0.002393512701649718
203,Fashion,backprop,mlpWide,3layers,4096,0.005,98,255050,Adam,0.995745,0.89501953,21,8.431975502967834,kaiming_uniform,0.10367571359999998,mlpWide_3layers,0,0.003267892270923158
204,Fashion,backprop,mlpWide,3layers,4096,0.005,98,255050,Adam,0.9834333,0.89416504,9,10.76260880947113,orthogonal_,0.08632673540000001,mlpWide_3layers,0,0.007182499191856219
205,Fashion,backprop,mlpWide,3layers,4096,0.005,98,255050,SGDM,0.9998779,0.89697266,21,8.517990589141846,kaiming_normal,0.10369977040000004,mlpWide_3layers,0,0.003275023532551727
206,Fashion,backprop,mlpWide,3layers,4096,0.005,98,255050,SGDM,0.99994767,0.89501953,1,8.432458057403565,kaiming_uniform,0.10567663219999998,mlpWide_3layers,0,0.03594681498015474
207,Fashion,backprop,mlpWide,3layers,4096,0.005,98,255050,SGDM,0.9952741,0.89733887,0,11.380743365287781,orthogonal_,0.09835589280000002,mlpWide_3layers,0,0.07207993401974397
208,Fashion,backprop,mlpWide,3layers,4096,0.005,98,255050,SGD,0.99912804,0.8946533,11,8.42225501537323,kaiming_normal,0.10478691020000001,mlpWide_3layers,0,0.005988684337514749
209,Fashion,backprop,mlpWide,3layers,4096,0.005,98,255050,SGD,0.9990583,0.8944092,43,8.432428526878358,kaiming_uniform,0.10463065079999997,mlpWide_3layers,0,0.0016328319180490762
210,Fashion,backprop,mlpWide,3layers,4096,0.005,98,255050,SGD,0.9939837,0.89660645,21,10.406428518295288,orthogonal_,0.09732701500000002,mlpWide_3layers,0,0.0032736864278423636
211,Fashion,backprop,mlpWide,4layers,4096,0.0005,98,255050,Adam,0.9998779,0.8983154,29,8.428479013442994,kaiming_normal,0.10364362700000003,mlpWide_4layers,0,0.0024052791695412276
212,Fashion,backprop,mlpWide,4layers,4096,0.0005,98,255050,Adam,0.99994767,0.8985596,6,8.669246068000794,kaiming_uniform,0.1036635044,mlpWide_4layers,0,0.010311141539269573
213,Fashion,backprop,mlpWide,4layers,4096,0.0005,98,255050,Adam,0.9993722,0.8967285,19,9.504295563697815,orthogonal_,0.10387730060000001,mlpWide_4layers,0,0.003601545262027041
214,Fashion,backprop,mlpWide,4layers,4096,0.0005,98,255050,SGDM,0.9993722,0.89575195,32,8.469988536834716,kaiming_normal,0.10430245240000001,mlpWide_4layers,0,0.002180377653561256
215,Fashion,backprop,mlpWide,4layers,4096,0.0005,98,255050,SGDM,0.99947685,0.8930664,41,9.017723698616027,kaiming_uniform,0.10707833660000002,mlpWide_4layers,0,0.0017080176715352617
216,Fashion,backprop,mlpWide,4layers,4096,0.0005,98,255050,SGDM,0.9973319,0.89538574,3,9.661023969650268,orthogonal_,0.10234165740000002,mlpWide_4layers,0,0.01798076156597887
217,Fashion,backprop,mlpWide,4layers,4096,0.0005,98,255050,SGD,0.99993026,0.8967285,46,8.399869170188904,kaiming_normal,0.10386892680000004,mlpWide_4layers,0,0.0015325724519264007
218,Fashion,backprop,mlpWide,4layers,4096,0.0005,98,255050,SGD,0.99994767,0.8977051,42,8.68844892501831,kaiming_uniform,0.10275740719999998,mlpWide_4layers,0,0.0016769616727878246
219,Fashion,backprop,mlpWide,4layers,4096,0.0005,98,255050,SGD,0.9995466,0.8964844,27,9.573490877151489,orthogonal_,0.10361468100000007,mlpWide_4layers,0,0.0025718320565901133
220,Fashion,backprop,mlpWide,4layers,4096,0.005,98,255050,Adam,0.9948905,0.8963623,36,8.399213185310364,kaiming_normal,0.10161552,mlpWide_4layers,0,0.0019459862091945428
221,Fashion,backprop,mlpWide,4layers,4096,0.005,98,255050,Adam,0.99712265,0.89404297,10,9.48050018310547,kaiming_uniform,0.10396206060000003,mlpWide_4layers,0,0.006528653316729714
222,Fashion,backprop,mlpWide,4layers,4096,0.005,98,255050,Adam,0.9908622,0.89245605,35,9.8916055727005,orthogonal_,0.0957240506,mlpWide_4layers,0,0.0019913254175501203
223,Fashion,backprop,mlpWide,4layers,4096,0.005,98,255050,SGDM,0.99994767,0.89624023,18,8.676501584053039,kaiming_normal,0.10441581139999999,mlpWide_4layers,0,0.0037890360160875137
224,Fashion,backprop,mlpWide,4layers,4096,0.005,98,255050,SGDM,0.99994767,0.89746094,5,8.70371464252472,kaiming_uniform,0.10354458159999996,mlpWide_4layers,0,0.012014956575713215
225,Fashion,backprop,mlpWide,4layers,4096,0.005,98,255050,SGDM,0.9989537,0.89746094,1,10.149469175338744,orthogonal_,0.10267648060000005,mlpWide_4layers,0,0.03604486972713965
226,Fashion,backprop,mlpWide,4layers,4096,0.005,98,255050,SGD,0.99912804,0.8939209,45,8.650418691635132,kaiming_normal,0.1058471708,mlpWide_4layers,0,0.0015609865445541636
227,Fashion,backprop,mlpWide,4layers,4096,0.005,98,255050,SGD,0.9992327,0.89331055,34,9.692189459800721,kaiming_uniform,0.10631591920000001,mlpWide_4layers,0,0.0020501815393375684
228,Fashion,backprop,mlpWide,4layers,4096,0.005,98,255050,SGD,0.99666923,0.8959961,12,9.765152006149291,orthogonal_,0.0998147932,mlpWide_4layers,0,0.005536313403065797
229,Fashion,backprop,mlp,2layers,4096,0.0005,98,25514,Adam,0.943185,0.8748779,4,8.513400239944458,kaiming_normal,0.06708844840000001,mlp_2layers,0,0.01724403313217672
230,Fashion,backprop,mlp,2layers,4096,0.0005,98,25514,Adam,0.9363316,0.875,1,8.365835266113281,kaiming_uniform,0.060762066600000005,mlp_2layers,0,0.04311609937413732
231,Fashion,backprop,mlp,2layers,4096,0.0005,98,25514,Adam,0.93629676,0.8763428,20,8.392967405319213,orthogonal_,0.0599989506,mlp_2layers,0,0.004112596816392898
232,Fashion,backprop,mlp,2layers,4096,0.0005,98,25514,SGDM,0.93652344,0.8746338,16,9.080736246109009,kaiming_normal,0.06216587959999998,mlp_2layers,0,0.005070359373012349
233,Fashion,backprop,mlp,2layers,4096,0.0005,98,25514,SGDM,0.93057686,0.87609863,5,8.357880549430847,kaiming_uniform,0.05423514740000002,mlp_2layers,0,0.014390078321000217
234,Fashion,backprop,mlp,2layers,4096,0.0005,98,25514,SGDM,0.9304199,0.8765869,13,8.550636134147645,orthogonal_,0.05367536480000001,mlp_2layers,0,0.006170613533137466
235,Fashion,backprop,mlp,2layers,4096,0.0005,98,25514,SGD,0.9443534,0.87231445,11,8.40031144142151,kaiming_normal,0.0720975096,mlp_2layers,0,0.007163961240323037
236,Fashion,backprop,mlp,2layers,4096,0.0005,98,25514,SGD,0.9372907,0.87353516,1,8.598374977111817,kaiming_uniform,0.06442034060000003,mlp_2layers,0,0.04304391858898623
237,Fashion,backprop,mlp,2layers,4096,0.0005,98,25514,SGD,0.9378662,0.87390137,25,8.677588596343995,orthogonal_,0.0642501372,mlp_2layers,0,0.0033124587527133846
238,Fashion,backprop,mlp,2layers,4096,0.005,98,25514,Adam,0.92518836,0.8746338,45,9.72977659702301,kaiming_normal,0.040286342800000007,mlp_2layers,0,0.0018738284639393465
239,Fashion,backprop,mlp,2layers,4096,0.005,98,25514,Adam,0.9204625,0.8718262,48,8.359413776397705,kaiming_uniform,0.0375523194,mlp_2layers,0,0.0017534574962647942
240,Fashion,backprop,mlp,2layers,4096,0.005,98,25514,Adam,0.91856164,0.87194824,30,8.347890286445617,orthogonal_,0.037458147399999996,mlp_2layers,0,0.0027719820803645454
241,Fashion,backprop,mlp,2layers,4096,0.005,98,25514,SGDM,0.8714076,0.85375977,46,9.84699640750885,kaiming_normal,0.014259199000000009,mlp_2layers,0,0.001790190447900821
242,Fashion,backprop,mlp,2layers,4096,0.005,98,25514,SGDM,0.8715995,0.85302734,48,8.34841826915741,kaiming_uniform,0.014894671000000009,mlp_2layers,0,0.00171564835266687
243,Fashion,backprop,mlp,2layers,4096,0.005,98,25514,SGDM,0.8814697,0.8562012,48,8.598263010978698,orthogonal_,0.019557755599999994,mlp_2layers,0,0.0017220317678579885
244,Fashion,backprop,mlp,2layers,4096,0.005,98,25514,SGD,0.9360003,0.8748779,1,10.134623870849609,kaiming_normal,0.061426480199999994,mlp_2layers,0,0.0431100828304418
245,Fashion,backprop,mlp,2layers,4096,0.005,98,25514,SGD,0.9301409,0.87646484,5,8.362320141792297,kaiming_uniform,0.05321324400000003,mlp_2layers,0,0.014396093386429476
246,Fashion,backprop,mlp,2layers,4096,0.005,98,25514,SGD,0.92953056,0.87646484,46,8.433926458358764,orthogonal_,0.052912596400000005,mlp_2layers,0,0.001837799155714401
247,Fashion,backprop,mlp,3layers,4096,0.0005,98,52842,Adam,0.98280555,0.88183594,9,8.318615727424621,kaiming_normal,0.09994838000000002,mlp_3layers,0,0.008108776182294785
248,Fashion,backprop,mlp,3layers,4096,0.0005,98,52842,Adam,0.9863281,0.8845215,2,8.433483142852783,kaiming_uniform,0.10201799439999998,mlp_3layers,0,0.02711156934674136
249,Fashion,backprop,mlp,3layers,4096,0.0005,98,52842,Adam,0.9841134,0.88134766,0,9.382517280578613,orthogonal_,0.1010836314,mlp_3layers,0,0.08104286284509159
250,Fashion,backprop,mlp,3layers,4096,0.0005,98,52842,SGDM,0.97405136,0.8823242,44,8.435182843208313,kaiming_normal,0.09190848319999997,mlp_3layers,0,0.0018029479769274947
251,Fashion,backprop,mlp,3layers,4096,0.0005,98,52842,SGDM,0.9774693,0.8845215,2,8.393720331192016,kaiming_uniform,0.09298444339999999,mlp_3layers,0,0.02711156934674136
252,Fashion,backprop,mlp,3layers,4096,0.0005,98,52842,SGDM,0.9757255,0.88305664,11,9.71189054965973,orthogonal_,0.09272949739999997,mlp_3layers,0,0.006766667438965706
253,Fashion,backprop,mlp,3layers,4096,0.0005,98,52842,SGD,0.98538643,0.87805176,48,8.401291995048522,kaiming_normal,0.10773925879999999,mlp_3layers,0,0.0016477508943883359
254,Fashion,backprop,mlp,3layers,4096,0.0005,98,52842,SGD,0.98845565,0.8796387,8,8.384364371299744,kaiming_uniform,0.109150745,mlp_3layers,0,0.008987302029073505
255,Fashion,backprop,mlp,3layers,4096,0.0005,98,52842,SGD,0.9859968,0.87768555,7,10.294461932182312,orthogonal_,0.1089236918,mlp_3layers,0,0.010088264948954533
256,Fashion,backprop,mlp,3layers,4096,0.005,98,52842,Adam,0.95413643,0.87731934,34,8.37430091381073,kaiming_normal,0.056378001399999995,mlp_3layers,0,0.002304927010235545
257,Fashion,backprop,mlp,3layers,4096,0.005,98,52842,Adam,0.9566302,0.8796387,21,8.333901801109313,kaiming_uniform,0.055556984600000005,mlp_3layers,0,0.0036766235573482517
258,Fashion,backprop,mlp,3layers,4096,0.005,98,52842,Adam,0.9537179,0.8812256,29,10.030112404823303,orthogonal_,0.05391182679999999,mlp_3layers,0,0.002701054634005365
259,Fashion,backprop,mlp,3layers,4096,0.005,98,52842,SGDM,0.89020646,0.8640137,47,8.342333450317383,kaiming_normal,0.017412458200000012,mlp_3layers,0,0.0016551864019193278
260,Fashion,backprop,mlp,3layers,4096,0.005,98,52842,SGDM,0.88943917,0.8654785,49,8.353168325424194,kaiming_uniform,0.018300084799999998,mlp_3layers,0,0.0015916728109512562
261,Fashion,backprop,mlp,3layers,4096,0.005,98,52842,SGDM,0.90262276,0.8708496,47,9.972470359802246,orthogonal_,0.022804827,mlp_3layers,0,0.0016682818988135093
262,Fashion,backprop,mlp,3layers,4096,0.005,98,52842,SGD,0.97321427,0.8828125,10,8.339769062995911,kaiming_normal,0.090281461,mlp_3layers,0,0.007379778161696396
263,Fashion,backprop,mlp,3layers,4096,0.005,98,52842,SGD,0.97657996,0.8852539,24,8.401453723907471,kaiming_uniform,0.0910595672,mlp_3layers,0,0.0032560821867176648
264,Fashion,backprop,mlp,3layers,4096,0.005,98,52842,SGD,0.9749407,0.88342285,23,10.239485483169556,orthogonal_,0.0909479608,mlp_3layers,0,0.0033847368125408607
265,Fashion,backprop,mlp,4layers,4096,0.0005,98,111594,Adam,0.9998779,0.8886719,8,8.607371549606324,kaiming_normal,0.11315185960000002,mlp_4layers,0,0.008495608073725545
266,Fashion,backprop,mlp,4layers,4096,0.0005,98,111594,Adam,0.9998954,0.8885498,6,8.385022506713867,kaiming_uniform,0.11322021379999998,mlp_4layers,0,0.010921423899623209
267,Fashion,backprop,mlp,4layers,4096,0.0005,98,111594,Adam,0.99966866,0.8833008,8,9.730513043403626,orthogonal_,0.11891217599999998,mlp_4layers,0,0.00844426093365643
268,Fashion,backprop,mlp,4layers,4096,0.0005,98,111594,SGDM,0.99684364,0.8876953,47,8.360393514633179,kaiming_normal,0.10973214519999999,mlp_4layers,0,0.0015911759779582782
269,Fashion,backprop,mlp,4layers,4096,0.0005,98,111594,SGDM,0.99748886,0.8873291,30,8.501051526069642,kaiming_uniform,0.1105008398,mlp_4layers,0,0.002462739982174146
270,Fashion,backprop,mlp,4layers,4096,0.0005,98,111594,SGDM,0.9971052,0.88500977,10,9.749447827339173,orthogonal_,0.11234270499999999,mlp_4layers,0,0.0069223078665879125
271,Fashion,backprop,mlp,4layers,4096,0.0005,98,111594,SGD,0.99998254,0.8861084,49,8.392709956169128,kaiming_normal,0.11470180219999997,mlp_4layers,0,0.0015247982319486918
272,Fashion,backprop,mlp,4layers,4096,0.0005,98,111594,SGD,0.99994767,0.8864746,8,8.375151252746582,kaiming_uniform,0.11436454419999993,mlp_4layers,0,0.008474602121337046
273,Fashion,backprop,mlp,4layers,4096,0.0005,98,111594,SGD,1.0,0.88098145,16,9.84879068851471,orthogonal_,0.11966413060000003,mlp_4layers,0,0.0044587525745409225
274,Fashion,backprop,mlp,4layers,4096,0.005,98,111594,Adam,0.9787423,0.88671875,23,8.386423864364623,kaiming_normal,0.06831751479999999,mlp_4layers,0,0.003178851063434023
275,Fashion,backprop,mlp,4layers,4096,0.005,98,111594,Adam,0.96944755,0.8833008,31,8.639411797523499,kaiming_uniform,0.06561174980000001,mlp_4layers,0,0.002374948387590871
276,Fashion,backprop,mlp,4layers,4096,0.005,98,111594,Adam,0.9746617,0.8824463,11,10.0601136302948,orthogonal_,0.0682366072,mlp_4layers,0,0.006327069003961897
277,Fashion,backprop,mlp,4layers,4096,0.005,98,111594,SGDM,0.90311104,0.86865234,48,8.332941274642945,kaiming_normal,0.02330357720000001,mlp_4layers,0,0.001525265490632622
278,Fashion,backprop,mlp,4layers,4096,0.005,98,111594,SGDM,0.9061279,0.8696289,49,8.345784487724304,kaiming_uniform,0.026009344999999993,mlp_4layers,0,0.0014964406264193926
279,Fashion,backprop,mlp,4layers,4096,0.005,98,111594,SGDM,0.92424667,0.87683105,43,10.209718832969665,orthogonal_,0.029296179000000002,mlp_4layers,0,0.0017145840308303995
280,Fashion,backprop,mlp,4layers,4096,0.005,98,111594,SGD,0.9964425,0.88842773,30,8.630126104354858,kaiming_normal,0.1074340772,mlp_4layers,0,0.00246578917781826
281,Fashion,backprop,mlp,4layers,4096,0.005,98,111594,SGD,0.99675643,0.88635254,48,8.411677536964417,kaiming_uniform,0.10971470039999996,mlp_4layers,0,0.0015563452483148442
282,Fashion,backprop,mlp,4layers,4096,0.005,98,111594,SGD,0.9965297,0.88513184,12,9.930568819046021,orthogonal_,0.1105800086,mlp_4layers,0,0.005858145332112572
283,MNIST,backprop,kan,2layers,4096,0.0005,98,254080,Adam,0.9989537,0.94873047,21,8.485628933906556,kaiming_normal,0.050536751199999994,kan_2layers,750,0.0034658853041510413
284,MNIST,backprop,kan,2layers,4096,0.0005,98,254080,Adam,0.9989537,0.95202637,13,8.417125821113586,kaiming_uniform,0.04757917300000001,kan_2layers,750,0.005465312014639624
285,MNIST,backprop,kan,2layers,4096,0.0005,98,254080,SGDM,0.9977853,0.9486084,4,8.996963000297546,kaiming_normal,0.04969377579999998,kan_2layers,750,0.015247933184857681
286,MNIST,backprop,kan,2layers,4096,0.0005,98,254080,SGDM,0.9989537,0.95129395,0,8.434251933097839,kaiming_uniform,0.04760358059999996,kan_2layers,750,0.07645550360274768
287,MNIST,backprop,kan,2layers,4096,0.0005,98,254080,SGD,0.99890137,0.9481201,0,8.445192294120789,kaiming_normal,0.050954911599999965,kan_2layers,750,0.07620042124875018
288,MNIST,backprop,kan,2layers,4096,0.0005,98,254080,SGD,0.9990409,0.9510498,0,8.458216667175293,kaiming_uniform,0.047881225200000085,kan_2layers,750,0.07643588126497856
298,MNIST,backprop,kan,2layers,4096,0.005,98,254080,Adam,0.9987444,0.94836426,17,8.408925395011902,kaiming_normal,0.050238898600000005,kan_2layers,750,0.004234446910567744
299,MNIST,backprop,kan,2layers,4096,0.005,98,254080,Adam,0.9989537,0.95214844,0,8.438960614204406,kaiming_uniform,0.048937984200000006,kan_2layers,750,0.07652417897198924
300,MNIST,backprop,kan,2layers,4096,0.005,98,254080,SGDM,0.98836845,0.9486084,38,8.491744871139526,kaiming_normal,0.03978098059999998,kan_2layers,750,0.001954863228827908
301,MNIST,backprop,kan,2layers,4096,0.005,98,254080,SGDM,0.996739,0.9506836,4,8.456280980110169,kaiming_uniform,0.0463211524,kan_2layers,750,0.015281289953515026
302,MNIST,backprop,kan,2layers,4096,0.005,98,254080,SGD,0.99720985,0.9486084,25,8.613483943939208,kaiming_normal,0.048066416799999984,kan_2layers,750,0.0029322948432418615
303,MNIST,backprop,kan,2layers,4096,0.005,98,254080,SGD,0.9989537,0.951416,14,8.432742767333984,kaiming_uniform,0.04760880819999997,kan_2layers,750,0.005097687517492133
307,MNIST,backprop,kan,2layers,4096,0.05,98,254080,Adam,0.9798235,0.94555664,26,8.847507214546203,kaiming_normal,0.023953688600000002,kan_2layers,750,0.002814607257212059
308,MNIST,backprop,kan,2layers,4096,0.05,98,254080,Adam,0.9906006,0.9515381,14,8.456625361442565,kaiming_uniform,0.0295364816,kan_2layers,750,0.005098341729367787
309,MNIST,backprop,kan,2layers,4096,0.05,98,254080,SGDM,0.8643799,0.86047363,49,8.321815314292907,kaiming_normal,0.000886931599999995,kan_2layers,750,0.0013831254728054222
310,MNIST,backprop,kan,2layers,4096,0.05,98,254080,SGDM,0.9577462,0.9484863,49,8.455885853767395,kaiming_uniform,0.0057090527999999925,kan_2layers,750,0.0015245970549230723
311,MNIST,backprop,kan,2layers,4096,0.05,98,254080,SGD,0.9875663,0.9486084,10,8.373238201141357,kaiming_normal,0.03826834299999996,kan_2layers,750,0.006930878720389854
312,MNIST,backprop,kan,2layers,4096,0.05,98,254080,SGD,0.9963379,0.9510498,10,8.669377732276917,kaiming_uniform,0.044867131400000024,kan_2layers,750,0.006948716478634416
322,MNIST,backprop,kan,3layers,4096,0.0005,98,525440,Adam,0.9996861,0.9519043,14,8.433596487045287,kaiming_normal,0.04872732740000002,kan_3layers,750,0.004818342086723019
323,MNIST,backprop,kan,3layers,4096,0.0005,98,525440,Adam,0.9994594,0.95532227,4,8.4800355052948,kaiming_uniform,0.044643902800000024,kan_3layers,750,0.014506929425336467
324,MNIST,backprop,kan,3layers,4096,0.0005,98,525440,SGDM,0.9995989,0.94958496,3,8.56566002368927,kaiming_normal,0.05006174539999998,kan_3layers,750,0.018024757758029857
325,MNIST,backprop,kan,3layers,4096,0.0005,98,525440,SGDM,0.9955706,0.9539795,39,8.635165448188781,kaiming_uniform,0.04141148300000001,kan_3layers,750,0.0018108173694775496
326,MNIST,backprop,kan,3layers,4096,0.0005,98,525440,SGD,0.99965125,0.95166016,25,8.431822247505188,kaiming_normal,0.047995582,kan_3layers,750,0.00277909978886062
327,MNIST,backprop,kan,3layers,4096,0.0005,98,525440,SGD,0.9994594,0.9543457,0,8.665777831077575,kaiming_uniform,0.04507115600000004,kan_3layers,750,0.07246049920553684
331,MNIST,backprop,kan,3layers,4096,0.005,98,525440,Adam,0.9995292,0.9527588,2,8.473908796310425,kaiming_normal,0.046874648599999985,kan_3layers,750,0.02411333694225207
332,MNIST,backprop,kan,3layers,4096,0.005,98,525440,Adam,0.99949425,0.9544678,1,9.404592905044556,kaiming_uniform,0.04561488340000002,kan_3layers,750,0.03623488493928903
333,MNIST,backprop,kan,3layers,4096,0.005,98,525440,SGDM,0.986363,0.9519043,22,8.476294808387756,kaiming_normal,0.03403075899999999,kan_3layers,750,0.0031423970130802295
334,MNIST,backprop,kan,3layers,4096,0.005,98,525440,SGDM,0.994036,0.9543457,47,8.413232378959655,kaiming_uniform,0.039981160600000024,kan_3layers,750,0.001509593733448684
335,MNIST,backprop,kan,3layers,4096,0.005,98,525440,SGD,0.9996163,0.94958496,41,8.600931196212768,kaiming_normal,0.05015557320000001,kan_3layers,750,0.0017166435960028433
336,MNIST,backprop,kan,3layers,4096,0.005,98,525440,SGD,0.9946289,0.9539795,5,9.099905214309693,kaiming_uniform,0.03999023900000002,kan_3layers,750,0.012072115796516998
340,MNIST,backprop,kan,3layers,4096,0.05,98,525440,Adam,0.9781843,0.9477539,46,8.418932428359986,kaiming_normal,0.02210831819999999,kan_3layers,750,0.001531063922219827
341,MNIST,backprop,kan,3layers,4096,0.05,98,525440,Adam,0.9857701,0.95336914,48,8.454905638694763,kaiming_uniform,0.02475062900000001,kan_3layers,750,0.001477272490686943
342,MNIST,backprop,kan,3layers,4096,0.05,98,525440,SGDM,0.97595215,0.96533203,49,8.470958938598633,kaiming_normal,0.007883986799999998,kan_3layers,750,0.0014658931410891098
343,MNIST,backprop,kan,3layers,4096,0.05,98,525440,SGDM,0.9746094,0.9638672,48,8.524768972396851,kaiming_uniform,0.006892437999999997,kan_3layers,750,0.0014935395320593765
344,MNIST,backprop,kan,3layers,4096,0.05,98,525440,SGD,0.9844971,0.95166016,46,8.758838725090026,kaiming_normal,0.032169358999999995,kan_3layers,750,0.0015373743512845982
345,MNIST,backprop,kan,3layers,4096,0.05,98,525440,SGD,0.99326867,0.95458984,25,8.537956895828247,kaiming_uniform,0.038020019800000006,kan_3layers,750,0.0027876552306156156
349,MNIST,backprop,kan,4layers,4096,0.0005,98,1109120,Adam,0.9968959,0.95043945,1,8.53823842048645,kaiming_normal,0.047510810599999995,kan_4layers,750,0.03414326784536921
350,MNIST,backprop,kan,4layers,4096,0.0005,98,1109120,Adam,0.9995117,0.9555664,37,8.791174736022949,kaiming_uniform,0.04444300840000002,kan_4layers,750,0.0018067077198223363
351,MNIST,backprop,kan,4layers,4096,0.0005,98,1109120,SGDM,0.99564034,0.9501953,0,8.63797504901886,kaiming_normal,0.0455311672,kan_4layers,750,0.06826899416540623
352,MNIST,backprop,kan,4layers,4096,0.0005,98,1109120,SGDM,0.9954834,0.95458984,2,9.012848744392395,kaiming_uniform,0.04095388800000002,kan_4layers,750,0.022861576708604385
353,MNIST,backprop,kan,4layers,4096,0.0005,98,1109120,SGD,0.9969308,0.9482422,0,8.499507641792297,kaiming_normal,0.04896170579999999,kan_4layers,750,0.06812866914748154
354,MNIST,backprop,kan,4layers,4096,0.0005,98,1109120,SGD,0.9995292,0.9547119,3,9.728989267349244,kaiming_uniform,0.04492430699999999,kan_4layers,750,0.01714837495269233
358,MNIST,backprop,kan,4layers,4096,0.005,98,1109120,Adam,0.9948905,0.95129395,26,8.437650170326233,kaiming_normal,0.037185409600000004,kan_4layers,750,0.0025314047864154776
359,MNIST,backprop,kan,4layers,4096,0.005,98,1109120,Adam,0.9964076,0.9543457,14,8.605413484573365,kaiming_uniform,0.03134800520000001,kan_4layers,750,0.00457114595459695
360,MNIST,backprop,kan,4layers,4096,0.005,98,1109120,SGDM,0.9651925,0.94421387,47,8.533273491859436,kaiming_normal,0.021201175800000013,kan_4layers,750,0.0014133175916117287
361,MNIST,backprop,kan,4layers,4096,0.005,98,1109120,SGDM,0.9536656,0.94091797,10,8.837048988342286,kaiming_uniform,0.012845280999999965,kan_4layers,750,0.0061456766169358575
362,MNIST,backprop,kan,4layers,4096,0.005,98,1109120,SGD,0.99553573,0.9501953,38,8.768119101524354,kaiming_normal,0.04546107560000001,kan_4layers,750,0.001750487029882211
363,MNIST,backprop,kan,4layers,4096,0.005,98,1109120,SGD,0.99541366,0.95458984,2,8.625592517852784,kaiming_uniform,0.04067522460000003,kan_4layers,750,0.022861576708604385
367,MNIST,backprop,kan,4layers,4096,0.05,98,1109120,Adam,0.95647323,0.9387207,20,8.510626091957093,kaiming_normal,0.01266566520000001,kan_4layers,750,0.003211646419337665
368,MNIST,backprop,kan,4layers,4096,0.05,98,1109120,Adam,0.9574498,0.93969727,41,8.570662851333617,kaiming_uniform,0.009649144199999994,kan_4layers,750,0.0016074937798095212
369,MNIST,backprop,kan,4layers,4096,0.05,98,1109120,SGDM,0.9825265,0.96765137,48,8.456845922470093,kaiming_normal,0.006331968000000004,kan_4layers,750,0.0014188401258501612
370,MNIST,backprop,kan,4layers,4096,0.05,98,1109120,SGDM,0.97950965,0.96850586,48,8.817011651992798,kaiming_uniform,0.006482275600000003,kan_4layers,750,0.0014200930406257975
371,MNIST,backprop,kan,4layers,4096,0.05,98,1109120,SGD,0.9644427,0.94421387,34,8.40007809638977,kaiming_normal,0.021152341400000007,kan_4layers,750,0.0019382641256389425
372,MNIST,backprop,kan,4layers,4096,0.05,98,1109120,SGD,0.95241004,0.9407959,12,8.570006098747253,kaiming_uniform,0.01110944699999998,kan_4layers,750,0.005199513260220383
388,MNIST,backprop,mlpWide,2layers,4096,0.005,98,255050,SGDM,0.99996513,0.9838867,47,8.904191551208497,kaiming_normal,0.017509063399999997,mlpWide_2layers,750,0.0016468896454278755
389,MNIST,backprop,mlpWide,2layers,4096,0.005,98,255050,SGDM,0.9754464,0.96520996,49,9.490691981315614,kaiming_normal,0.006276501999999997,mlpWide_2layers,750,0.0015510022823119164
390,MNIST,backprop,mlpWide,3layers,4096,0.0005,98,712650,SGD,1.0,0.98461914,2,7.479522771835327,kaiming_normal,0.016419837199999968,mlpWide_3layers,750,0.024355434064691185
391,MNIST,backprop,mlpWide,3layers,4096,0.0005,98,712650,SGD,0.99998254,0.9852295,3,7.296943964958191,kaiming_normal,0.014905840000000002,mlpWide_3layers,750,0.018277898898429904
392,MNIST,backprop,mlpWide,3layers,4096,0.0005,98,712650,SGD,1.0,0.9840088,2,7.498362412452698,kaiming_normal,0.016330888599999954,mlpWide_3layers,750,0.02434033675952704
393,MNIST,backprop,mlpWide,3layers,4096,0.005,98,712650,Adam,0.99998254,0.98583984,44,7.443010492324829,kaiming_normal,0.015853100599999993,mlpWide_3layers,750,0.0016257086113158237
394,MNIST,backprop,mlpWide,3layers,4096,0.005,98,712650,Adam,0.9883161,0.9708252,49,7.618591299057007,kaiming_normal,0.011891044000000002,mlpWide_3layers,750,0.0014408537181355608
395,MNIST,backprop,mlpWide,3layers,4096,0.005,98,712650,Adam,0.99998254,0.9852295,4,7.296320066452027,kaiming_normal,0.014918399200000003,mlpWide_3layers,750,0.014622319118743923
396,MNIST,backprop,mlpWide,4layers,4096,0.0005,98,2037450,SGDM,1.0,0.98583984,24,8.304516048431397,kaiming_normal,0.015813681199999992,mlpWide_4layers,750,0.002714533129195893
397,MNIST,backprop,mlpWide,4layers,4096,0.0005,98,2037450,SGDM,1.0,0.98657227,3,8.27141580104828,kaiming_uniform,0.014632042400000003,mlpWide_4layers,750,0.0169784368274072
398,MNIST,backprop,mlpWide,4layers,4096,0.0005,98,2037450,SGDM,1.0,0.9857178,3,8.039762601852416,orthogonal_,0.015467692199999989,mlpWide_4layers,750,0.016963731807453704
399,MNIST,backprop,mlpWide,4layers,4096,0.0005,98,2037450,SGD,1.0,0.9847412,10,8.512020773887635,kaiming_normal,0.0155981412,mlpWide_4layers,750,0.006162518177680958
400,MNIST,backprop,mlpWide,4layers,4096,0.0005,98,2037450,SGD,1.0,0.9863281,29,8.346215171813965,kaiming_uniform,0.014097713000000012,mlpWide_4layers,750,0.0022632313038011996
401,MNIST,backprop,mlpWide,4layers,4096,0.0005,98,2037450,SGD,0.99996513,0.9857178,14,7.636496105194092,orthogonal_,0.014632751199999985,mlpWide_4layers,750,0.004523661815320988
402,MNIST,backprop,mlpWide,4layers,4096,0.0005,98,2037450,SGDM,1.0,0.9827881,3,8.494579839706422,kaiming_normal,0.017388385199999953,mlpWide_4layers,750,0.016913313071912663
403,MNIST,backprop,mlpWide,4layers,4096,0.0005,98,2037450,Adam,1.0,0.9857178,12,8.390074462890626,kaiming_uniform,0.014577285200000005,mlpWide_4layers,750,0.0052196097869088316
404,MNIST,backprop,mlpWide,4layers,4096,0.0005,98,2037450,Adam,1.0,0.98498535,42,8.500931367874145,orthogonal_,0.015332715000000004,mlpWide_4layers,750,0.0015768489947284097
405,MNIST,backprop,mlpWide,4layers,4096,0.005,98,2037450,Adam,1.0,0.98461914,47,8.322733969688416,kaiming_normal,0.017188191800000006,mlpWide_4layers,750,0.001412068699534298
406,MNIST,backprop,mlpWide,4layers,4096,0.005,98,2037450,SGD,1.0,0.98620605,49,8.574458131790161,kaiming_uniform,0.015855879400000005,mlpWide_4layers,750,0.0013577707485114524
407,MNIST,backprop,mlpWide,4layers,4096,0.005,98,2037450,SGDM,0.99996513,0.9855957,46,7.445018615722656,orthogonal_,0.016698174000000003,mlpWide_4layers,750,0.0014435430233924918
408,MNIST,backprop,mlpWide,4layers,4096,0.005,98,2037450,SGDM,1.0,0.98498535,45,8.307436966896057,kaiming_normal,0.015330622600000005,mlpWide_4layers,750,0.0014740110168113393
409,MNIST,backprop,mlpWide,4layers,4096,0.005,98,2037450,SGDM,1.0,0.9827881,4,8.330681767463684,kaiming_uniform,0.017378967999999953,mlpWide_4layers,750,0.013530650457530132
410,MNIST,backprop,mlpWide,4layers,4096,0.005,98,2037450,SGD,0.9995989,0.9782715,41,7.408051781654358,orthogonal_,0.018172779400000012,mlpWide_4layers,750,0.0016033890044271674
411,MNIST,backprop,mlpWide,4layers,4096,0.005,98,2037450,SGD,1.0,0.9848633,29,8.245334258079529,kaiming_normal,0.01556152280000001,mlpWide_4layers,750,0.0022598701694952743
412,MNIST,backprop,mlpWide,4layers,4096,0.005,98,2037450,Adam,1.0,0.9863281,22,8.280786910057067,kaiming_uniform,0.014118292400000008,mlpWide_4layers,750,0.0029520408310450435
413,MNIST,backprop,mlpWide,4layers,4096,0.005,98,2037450,Adam,0.99996513,0.9855957,1,7.403222389221192,orthogonal_,0.0146442534,mlpWide_4layers,750,0.03392326104972356
414,MNIST,backprop,mlpWide,4layers,4096,0.005,98,712650,SGDM,1.0,0.9840088,22,7.430582914352417,kaiming_normal,0.01630612699999996,mlpWide_4layers,750,0.0031748265338513524
415,MNIST,backprop,mlp,2layers,4096,0.0005,98,25514,SGDM,0.99762833,0.96398926,7,7.916044855117798,kaiming_uniform,0.03424106879999999,mlp_2layers,750,0.011910293021952442
416,MNIST,backprop,mlp,2layers,4096,0.0005,98,25514,SGD,0.9996338,0.95617676,14,7.446318879127502,kaiming_normal,0.04440918459999997,mlp_2layers,750,0.0063006762225441375
417,MNIST,backprop,mlp,2layers,4096,0.0005,98,25514,SGD,0.9995466,0.9572754,8,7.552027544975281,kaiming_uniform,0.0425526614,mlp_2layers,750,0.01051319275459492
418,MNIST,backprop,mlp,2layers,4096,0.0005,98,25514,Adam,0.9976109,0.96313477,4,8.251046409606934,kaiming_uniform,0.03462472059999997,mlp_2layers,750,0.019039576985047775
419,MNIST,backprop,mlp,2layers,4096,0.0005,98,25514,SGD,0.9976632,0.9630127,1,9.165647230148316,kaiming_uniform,0.03465576199999997,mlp_2layers,750,0.04759290965902082
420,MNIST,backprop,mlp,2layers,4096,0.0005,98,25514,SGDM,0.9995989,0.9560547,21,7.665896420478821,kaiming_normal,0.04402657779999999,mlp_2layers,750,0.004295367214517359
421,MNIST,backprop,mlp,2layers,4096,0.0005,98,25514,Adam,0.9995466,0.9571533,9,7.497584986686706,kaiming_uniform,0.0426252026,mlp_2layers,750,0.009460666621890584
422,MNIST,backprop,mlp,2layers,4096,0.0005,98,25514,Adam,0.9996163,0.954834,0,7.515821332931519,kaiming_normal,0.04509870460000004,mlp_2layers,750,0.09437742264740949
423,MNIST,backprop,mlp,2layers,4096,0.0005,98,25514,Adam,0.9995466,0.9571533,9,7.484523711204528,kaiming_uniform,0.04278703460000001,mlp_2layers,750,0.009460666621890584
433,MNIST,backprop,mlp,2layers,4096,0.005,98,25514,Adam,0.9969657,0.96655273,1,7.738884162902832,kaiming_uniform,0.031353934199999996,mlp_2layers,750,0.04776786096338079
434,MNIST,backprop,mlp,2layers,4096,0.005,98,25514,Adam,0.9996338,0.95983887,2,7.664814887046814,kaiming_normal,0.04291504139999999,mlp_2layers,750,0.03162403751416544
435,MNIST,backprop,mlp,2layers,4096,0.005,98,25514,Adam,0.9995466,0.96191406,1,7.504795231819153,kaiming_uniform,0.04130753620000001,mlp_2layers,750,0.0475386139324247
436,MNIST,backprop,mlp,2layers,4096,0.005,98,25514,SGD,0.99720985,0.963501,2,7.555467929840088,kaiming_uniform,0.03385881719999996,mlp_2layers,750,0.031744694574554914
437,MNIST,backprop,mlp,2layers,4096,0.005,98,25514,SGDM,0.997297,0.9637451,4,7.778124947547912,kaiming_uniform,0.03393485319999996,mlp_2layers,750,0.019051642196878184
438,MNIST,backprop,mlp,2layers,4096,0.005,98,25514,SGDM,0.99881417,0.96118164,46,7.465985832214355,kaiming_normal,0.037908410999999975,mlp_2layers,750,0.002021379451524808
439,MNIST,backprop,mlp,2layers,4096,0.005,98,25514,SGDM,0.9990409,0.96313477,42,7.524070730209351,kaiming_uniform,0.036355680800000026,mlp_2layers,750,0.0022139043005869503
440,MNIST,backprop,mlp,2layers,4096,0.005,98,25514,SGD,0.9995989,0.9560547,32,7.59085593700409,kaiming_normal,0.043976352799999965,mlp_2layers,750,0.0028635781430115725
441,MNIST,backprop,mlp,2layers,4096,0.005,98,25514,SGD,0.9995466,0.95739746,42,7.5084110498428345,kaiming_uniform,0.0425390524,mlp_2layers,750,0.002200716265351964
445,MNIST,backprop,mlp,2layers,4096,0.05,98,25514,SGDM,0.9897286,0.96606445,33,7.742143812179566,kaiming_uniform,0.019932687000000004,mlp_2layers,750,0.002808454691116842
446,MNIST,backprop,mlp,2layers,4096,0.05,98,25514,SGD,0.9952916,0.9609375,9,7.70819420337677,kaiming_normal,0.028318564800000008,mlp_2layers,750,0.009498070300727149
447,MNIST,backprop,mlp,2layers,4096,0.05,98,25514,SGD,0.99532646,0.9614258,23,7.5286377429962155,kaiming_uniform,0.02688023299999999,mlp_2layers,750,0.003959540308870607
448,MNIST,backprop,mlp,2layers,4096,0.05,98,25514,LBFGS,0.9922921,0.9667969,23,7.714469027519226,kaiming_uniform,0.02530796800000003,mlp_2layers,750,0.003981660671100303
449,MNIST,backprop,mlp,2layers,4096,0.05,98,25514,Adam,0.9940011,0.96728516,32,7.714621253013611,kaiming_uniform,0.0267089858,mlp_2layers,750,0.0028972156532837
450,MNIST,backprop,mlp,2layers,4096,0.05,98,25514,LBFGS,0.9953962,0.9645996,32,7.6014124250411985,kaiming_normal,0.019233056399999997,mlp_2layers,750,0.0028891718552481417
451,MNIST,backprop,mlp,2layers,4096,0.05,98,25514,SGD,0.99523926,0.96313477,34,7.466041741371154,kaiming_uniform,0.019707379000000004,mlp_2layers,750,0.002719939569292539
452,MNIST,backprop,mlp,2layers,4096,0.05,98,25514,Adam,0.99834335,0.9610596,43,7.509413805007934,kaiming_normal,0.03704101859999998,mlp_2layers,750,0.0021589266268118167
453,MNIST,backprop,mlp,2layers,4096,0.05,98,25514,SGD,0.9986572,0.9625244,36,7.492245182991028,kaiming_uniform,0.036333700400000016,mlp_2layers,750,0.002571285267903203
467,MNIST,backprop,mlp,3layers,4096,0.0005,98,52842,Adam,0.99998254,0.97387695,0,7.506084418296814,kaiming_normal,0.02675048459999997,mlp_3layers,750,0.08966910520108132
468,MNIST,backprop,mlp,3layers,4096,0.0005,98,52842,Adam,0.99998254,0.97265625,24,7.554292178153991,kaiming_uniform,0.027958297199999965,mlp_3layers,750,0.0035822684007764745
469,MNIST,backprop,mlp,3layers,4096,0.0005,98,52842,SGDM,1.0,0.973999,38,7.5402254343032835,kaiming_normal,0.02640380699999998,mlp_3layers,750,0.0022994959712246384
470,MNIST,backprop,mlp,3layers,4096,0.0005,98,52842,SGDM,0.9996861,0.96972656,35,7.549716629981995,kaiming_uniform,0.030516521200000018,mlp_3layers,750,0.0024801933517405957
471,MNIST,backprop,mlp,3layers,4096,0.0005,98,52842,SGD,0.99998254,0.9733887,31,7.649737296104431,kaiming_normal,0.026918252599999973,mlp_3layers,750,0.0028007546840826437
472,MNIST,backprop,mlp,3layers,4096,0.0005,98,52842,SGD,0.99994767,0.9727783,31,7.515697407722473,kaiming_uniform,0.02763463359999997,mlp_3layers,750,0.002798998365502857
479,MNIST,backprop,mlp,3layers,4096,0.005,98,52842,Adam,0.99998254,0.973999,28,7.494292054176331,kaiming_normal,0.027177379199999976,mlp_3layers,750,0.0030924256164745136
480,MNIST,backprop,mlp,3layers,4096,0.005,98,52842,Adam,0.99994767,0.9736328,22,7.508165640830994,kaiming_uniform,0.027533487599999962,mlp_3layers,750,0.0038976793584349456
481,MNIST,backprop,mlp,3layers,4096,0.005,98,52842,Adam,0.99994767,0.9729004,37,7.5061156272888185,kaiming_normal,0.027419095199999962,mlp_3layers,750,0.002357347104644459
482,MNIST,backprop,mlp,3layers,4096,0.005,98,52842,SGD,0.99996513,0.9720459,10,7.708149585723877,kaiming_uniform,0.028405423399999928,mlp_3layers,750,0.008136410220779738
483,MNIST,backprop,mlp,3layers,4096,0.005,98,52842,SGDM,0.99998254,0.97387695,3,7.503260335922241,kaiming_normal,0.02635985899999998,mlp_3layers,750,0.02241727630027033
484,MNIST,backprop,mlp,3layers,4096,0.005,98,52842,SGDM,0.9995466,0.96899414,40,7.681632022857666,kaiming_uniform,0.03084752559999999,mlp_3layers,750,0.0021760859403331645
491,MNIST,backprop,mlp,3layers,4096,0.05,98,52842,Adam,0.9983956,0.97558594,18,7.723285102844239,kaiming_uniform,0.022647532199999997,mlp_3layers,750,0.004727708388219067
492,MNIST,backprop,mlp,3layers,4096,0.05,98,52842,SGD,0.99994767,0.97351074,41,7.49215030670166,kaiming_normal,0.025664411599999982,mlp_3layers,750,0.002134175872537631
493,MNIST,backprop,mlp,3layers,4096,0.05,98,52842,SGDM,0.99994767,0.9725342,39,7.487289929389954,kaiming_uniform,0.026221052399999997,mlp_3layers,750,0.002238636808568307
494,MNIST,backprop,mlp,3layers,4096,0.05,98,52842,Adam,0.99949425,0.9741211,30,7.708464894294739,kaiming_uniform,0.025524558800000027,mlp_3layers,750,0.002893276940585771
495,MNIST,backprop,mlp,3layers,4096,0.05,98,52842,Adam,1.0,0.97509766,23,7.67052535533905,kaiming_uniform,0.025306568599999975,mlp_3layers,750,0.003740895887645603
496,MNIST,backprop,mlp,3layers,4096,0.05,98,52842,SGDM,0.9996163,0.96850586,24,7.765305399894714,kaiming_normal,0.0254827036,mlp_3layers,750,0.0035669826192396793
497,MNIST,backprop,mlp,3layers,4096,0.05,98,52842,SGDM,0.9996338,0.9674072,21,7.543686056137085,kaiming_uniform,0.026280343800000015,mlp_3layers,750,0.004048791229784472
498,MNIST,backprop,mlp,3layers,4096,0.05,98,52842,SGD,0.99994767,0.97265625,37,7.538155384063721,kaiming_normal,0.027724966399999964,mlp_3layers,750,0.0023567555268266278
499,MNIST,backprop,mlp,3layers,4096,0.05,98,52842,SGD,0.99994767,0.9719238,31,7.539992513656617,kaiming_uniform,0.02842216119999993,mlp_3layers,750,0.0027965396921305974
506,MNIST,backprop,mlp,4layers,4096,0.0005,98,111594,SGDM,1.0,0.9770508,49,7.487022886276245,kaiming_normal,0.023630701599999963,mlp_4layers,750,0.0016822662045525968
507,MNIST,backprop,mlp,4layers,4096,0.0005,98,111594,SGD,1.0,0.9794922,33,7.786458759307862,kaiming_uniform,0.021277533399999965,mlp_4layers,750,0.0024801025844710623
508,MNIST,backprop,mlp,4layers,4096,0.0005,98,111594,SGD,1.0,0.97753906,45,7.688626055717468,kaiming_normal,0.022934896599999997,mlp_4layers,750,0.0018294640007549441
509,MNIST,backprop,mlp,4layers,4096,0.0005,98,111594,Adam,1.0,0.9782715,16,7.484356684684753,kaiming_uniform,0.02230048179999999,mlp_4layers,750,0.004954023473518998
510,MNIST,backprop,mlp,4layers,4096,0.0005,98,111594,SGD,1.0,0.9769287,19,7.74136399269104,kaiming_normal,0.02363279219999996,mlp_4layers,750,0.004205139938137051
511,MNIST,backprop,mlp,4layers,4096,0.0005,98,111594,SGDM,1.0,0.9793701,30,8.011800379753113,kaiming_uniform,0.021203594399999942,mlp_4layers,750,0.0027197734324879777
515,MNIST,backprop,mlp,4layers,4096,0.005,98,111594,SGDM,1.0,0.977417,34,7.508129534721374,kaiming_normal,0.023892287999999994,mlp_4layers,750,0.0024041381718113695
516,MNIST,backprop,mlp,4layers,4096,0.005,98,111594,SGD,1.0,0.9782715,43,7.717602243423462,kaiming_uniform,0.023435041199999992,mlp_4layers,750,0.0019140545238596131
517,MNIST,backprop,mlp,4layers,4096,0.005,98,111594,SGD,1.0,0.9758301,0,7.497591261863708,kaiming_normal,0.02462993619999996,mlp_4layers,750,0.08400822140543669
518,MNIST,backprop,mlp,4layers,4096,0.005,98,111594,Adam,1.0,0.977417,11,7.717865138053894,kaiming_uniform,0.022915016799999993,mlp_4layers,750,0.007012069667783162
519,MNIST,backprop,mlp,4layers,4096,0.005,98,111594,SGD,1.0,0.977417,23,7.520545387268067,kaiming_normal,0.022959314800000002,mlp_4layers,750,0.003506034833891581
520,MNIST,backprop,mlp,4layers,4096,0.005,98,111594,SGDM,1.0,0.97839355,25,7.697704138755799,kaiming_uniform,0.02226351179999999,mlp_4layers,750,0.0032395733157793314
524,MNIST,backprop,mlp,4layers,4096,0.05,98,111594,,1.0,0.97595215,35,7.508994879722596,kaiming_normal,0.02367744619999999,mlp_4layers,750,0.002333853571274343
525,MNIST,backprop,mlp,4layers,4096,0.05,98,111594,,0.99998254,0.9786377,35,7.660848340988159,kaiming_uniform,0.022307124599999995,mlp_4layers,750,0.0023402756898775303
526,MNIST,backprop,mlp,4layers,4096,0.05,98,111594,,0.99975586,0.9713135,38,7.56047290802002,kaiming_normal,0.026036553599999995,mlp_4layers,750,0.002144086971857237
527,MNIST,backprop,mlp,4layers,4096,0.05,98,111594,,0.99975586,0.9708252,40,7.633536920547486,kaiming_uniform,0.025988071800000005,mlp_4layers,750,0.0020384720646774465
528,MNIST,backprop,mlp,4layers,4096,0.05,98,111594,,1.0,0.9758301,11,7.5352643823623655,kaiming_normal,0.024583898599999966,mlp_4layers,750,0.007000685117119725
529,MNIST,backprop,mlp,4layers,4096,0.05,98,111594,,0.99998254,0.97753906,2,7.777344493865967,kaiming_uniform,0.02284876839999999,mlp_4layers,750,0.02805178134490914
